{
  "title": "Kolabagan to UAP",
  "unit": "km",
  "start": "Kolabagan",
  "goal": "UAP",
  "nodes": {
    "Kolabagan": { "lat": 23.7455, "lon": 90.3846 },
    "Panthapath": { "lat": 23.7475, "lon": 90.391 },
    "Rajabazar": { "lat": 23.7525, "lon": 90.3935 },
    "Farmgate": { "lat": 23.751, "lon": 90.389 },
    "Kawran Bazar": { "lat": 23.7487, "lon": 90.3960 },
    "UAP": { "lat": 23.7386, "lon": 90.3926 }
  },
  "edges": {
    "Kolabagan": {
      "Panthapath": 2.0,
      "Rajabazar": 4.5,
      "Farmgate": 5.0,
      "Kawran Bazar": 6.5
    },
    "Panthapath": {
      "UAP": 2.5
    },
    "Rajabazar": {
      "Farmgate": 3.0,
      "UAP": 4.0
    },
    "Farmgate": {
      "UAP": 6.0
    },
    "Kawran Bazar": {
      "UAP": 7.5
    }
  }
}
